{"cameraMode":{"drawMode":0,"name":"Shaded","section":"Shading Mode"},"sceneLighting":true,"audioPlay":false,"sceneViewState":{"showFog":true,"showMaterialUpdate":false,"showSkybox":true,"showFlares":true,"showImageEffects":true,"showParticleSystems":true},"in2DMode":false,"pivot":{"x":1.3419643640518189,"y":1.3046784400939942,"z":1.2151203155517579},"rotation":{"x":0.1732473075389862,"y":-0.04578414186835289,"z":0.008062511682510376,"w":0.9837806224822998},"size":21.8659610748291,"orthographic":false}